name,author,price
Captive Tome 2,Sarah Rivens,"20,90 €"
Le suppléant,Prince Harry,"26,50 €"
A tout jamais,Colleen Hoover,"18,50 €"
Les années glorieuses Le Grand Monde,Pierre Lemaitre,"10,40 €"
Les années glorieuses Le silence et la colère,Pierre Lemaitre,"23,90 €"
Coeurs et âmes,Colleen Hoover,"7,90 €"
Les douleurs fantômes,Mélissa Da Costa,"9,70 €"
Plus jamais sans moi,Maud Ankaoua,"18,90 €"
Just wanna be your brother. Exemplaire dédicacé,Nine Gorman,"18,90 €"
Jujutsu Kaisen Tome 18La passion. Pack avec un extrait gratuit de Valhallian the Black Iron,Gege Akutami,"6,95 €"
One Piece Episode A Tome 1Ace,Boichi,"6,99 €"
Pour rien au monde,Ken Follett,"11,90 €"
La Plus Secrète Mémoire des hommes,Mohamed Mbougar Sarr,"9,70 €"
Tokyo Revengers Tome 22,Ken Wakui,"6,99 €"
Numéro deux,David Foenkinos,"8,70 €"
Le cas Malaussène Tome 2Terminus Malaussène,Daniel Pennac,"23,00 €"
Astérix. L'Empire du Milieu,Olivier Gay,"10,50 €"
La décision,Karine Tuil,"8,70 €"
PILLY étudiant. Maladies infectieuses & tropicales Edition 2023,CMIT,"45,00 €"
Traité sur l'intolérance,Richard Malka,"12,50 €"
Just wanna be your brother,Nine Gorman,"18,90 €"
Premier sang,Amélie Nothomb,"7,70 €"
Les fossoyeurs édition revue et augmentée,Victor Castanet,"9,50 €"
Le cas Malaussène Tome 1Ils m'ont menti,Daniel Pennac,"9,20 €"
La toute petite reine,Agnès Ledig,"8,90 €"
Verity,Colleen Hoover,"7,90 €"
Retrouve-moi,Lisa Gardner,"9,70 €"
Les promises,Jean-Christophe Grangé,"10,90 €"
Ceci n'est pas un fait divers,Philippe Besson,"20,00 €"
Azincourt par temps de pluie,Jean Teulé,"7,80 €"
Adieu Eri,Tatsuki Fujimoto,"7,29 €"
La saga d'Auren Tome 1Gild,Raven Kennedy,"19,95 €"
682 jours,Roselyne Bachelot,"20,90 €"
Blue Lock Tome 12,Muneyuki Kaneshiro,"7,20 €"
Blizzard,Marie Vingtras,"7,50 €"
Crépuscule,Philippe Claudel,"23,00 €"
Dragon Ball Super Tome 19La fierté d'un peuple,Akira Toriyama,"6,99 €"
Dandadan Tome 4,Yukinobu Tatsu,"7,29 €"
All your perfects,Colleen Hoover,"7,90 €"
Ici et ailleurs,Florence Aubenas,"21,50 €"
Un abri de fortune,Agnès Ledig,"21,90 €"
Paris-Briançon,Philippe Besson,"8,00 €"
Les sources,Marie-Hélène Lafon,"16,50 €"
Mashle Tome 12Mash Burnedead et les quintuplés de l'enfer,Hajime Komoto,"6,99 €"
Leur domaine,Jo Nesbo,"10,20 €"
Ton absence n'est que ténèbres,Jón Kalman Stefansson,"9,70 €"
Les soeurs d'Auschwitz,Heather Morris,"8,80 €"
Après,Stephen King,"8,90 €"
Au premier regard,Lisa Gardner,"22,90 €"
Harlem shuffle,Colson Whitehead,"22,90 €"
Les Carnets de l'Apothicaire Tome 10,Itsuki Nanao,"7,95 €"
La mâchoire de Caïn,Torquemada,"14,90 €"
Le bureau d'éclaircissement des destins,Gaëlle Nohant,"23,00 €"
A l'aube de nouveaux horizons,Nathalie A. Cabrol,"21,00 €"
Enfant de salaud,Sorj Chalandon,"8,70 €"
Une vie heureuse,Ginette Kolinka,"14,00 €"
Neon Genesis Evangelion Tome 4Perfect Edition,Yoshiyuki Sadamoto,"14,95 €"
Set et match !,Liane Moriarty,"9,90 €"
"Covid 19, ce que révèlent les chiffres officiels",Pierre Chaillot,"22,00 €"
Kaamelott Tome 10Karadoc et l'Icosaèdre,Alexandre Astier,"14,50 €"
Inheritance Games Tome 3,Jennifer Lynn Barnes,"18,90 €"
Le quatuor des Smythe-Smith Tomes 1 & 2Un goût de paradis ; Sortilège d'une nuit d'été,Julia Quinn,"15,90 €"
Le livre de la nuit Edition collector,Holly Black,"24,90 €"
Demon Slayer Tome 1Packe en 2 volumes : Tome 2 offert,Koyoharu Gotouge,"7,29 €"
"Dix âmes, pas plus",Ragnar Jónasson,"8,50 €"
Fille en colère sur un banc de pierre,Véronique Ovaldé,"21,00 €"
Dr Stone Tome 23Future engine,Riichiro Inagaki,"6,99 €"
Les royaumes de feu Tome 15Les flammes de l'espoir,Tui-T Sutherland,"17,00 €"
"Ecoute ton corps, encore!",Lise Bourbeau,"8,90 €"
Anatole Latuile Tome 16Des bêtes et des bêtises,Anne Didier,"11,50 €"
Inconsolable,Adèle Van Reeth,"18,00 €"
Sakamoto Days Tome 6Pas de bol,Yuto Suzuki,"6,99 €"
Mes fragiles,Jérôme Garcin,"14,00 €"
Thorgal Saga Adieu Aaricia,Robin Recht,"23,50 €"
L'heure des femmes,Adèle Bréau,"21,50 €"
Le péché originel de Takopi Coffret intégraleTomes 1 et 2. Coffret en 2 volumes avec une histoire courte incluse,Taizan5,"17,95 €"
Frieren Tome 6,Kanehito Yamada,"7,95 €"
L'horizon d'une nuit,Camilla Grebe,"9,70 €"
Avers. Des nouvelles des indésirables,Jean-Marie-Gustave Le Clézio,"19,50 €"
Outlander Tome 9L'adieu aux abeilles. Partie 2,Diana Gabaldon,"18,90 €"
Seule en sa demeure,Cécile Coulon,"8,10 €"
Un pacte avec le roi elfe,Elise Kova,"18,95 €"
Galatée,Madeline Miller,"6,90 €"
Toilet-bound Hanako-Kun Tome 11,AidaIro,"7,70 €"
Sillage Tome 22Transfert,Philippe Buchet,"14,95 €"
Klara et le soleil,Kazuo Ishiguro,"9,70 €"
Le temps des féminismes,Michelle Perrot,"20,00 €"
Révolution Tome 2Egalité. Livre 1,Florent Grouazel,"28,00 €"
Plan Comptable Général Edition 2023-2024,Sébastien Paugam,"2,95 €"
Ne t'arrête pas de courir,Mathieu Palain,"8,50 €"
Les annales des (très) bien classés. 2016-2017-2018-2019-2020-2021-20225e édition,Aymeric Rouchaud,"45,00 €"
L'ancien calendrier d'un amour,Andreï Makine,"19,50 €"
Choujin X Tome 3,Sui Ishida,"7,90 €"
Mediator. Un crime chimiquement pur,Irène Frachon,"23,95 €"
Mahmoud ou la montée des eaux,Antoine Wauters,"7,50 €"
"La nouvelle peur des autres. Trac, timidité et phobie sociale",Christophe André,"23,90 €"
"Méditer, jour après jour. 25 leçons pour vivre en pleine conscience",Christophe André,"9,90 €"
Valhallian the Black Iron Tome 1Avec un one-shot inédit de l'auteur -  -  Edition collector,Toshimitsu Matsubara,"11,30 €"
De lune et de sang Tome 1,Erin Beaty,"17,00 €"
A qui la faute,Ragnar Jónasson,"21,50 €"
"Nos pères, nos frères, nos amis. Dans la tête des hommes violents",Mathieu Palain,"20,00 €"
Rétiaire(s),DOA,"19,00 €"
La petite boutique aux poisons,Sarah Penner,"9,00 €"
"Souvenirs, souvenirs... Tome 2Tu le sais bien, le temps passe",Catherine Nay,"9,50 €"
Le Chat du bibliothécaire Tome 1Succès mortel,Miranda James,"7,50 €"
Oshi No Ko Tome 6Avec une jaquette exclusive et un mini-artbook -  -  Edition collector,Aka Akasaka,"10,95 €"
Le péché originel de Takopi Tome 1,Taizan5,"7,20 €"
Alix Tome 41La reine des Amazones,Valérie Mangin,"12,50 €"
Twin Crowns Tome 1,Catherine Doyle,"18,90 €"
Tout ce qui nous empêche d’être heureux et ce qu’il faut savoir pour l’être,Fabrice Midal,"19,90 €"
Une saison pour les ombres,R.J. Ellory,"25,00 €"
Lazare,Lars Kepler,"10,50 €"
Le roi et l'horloger,Arnaldur Indridason,"22,50 €"
Avalanche,Raphaël Haroche,"18,50 €"
Les QI des (très) bien classés. 2016-2017-2018-2019-2020-20214e édition,Aymeric Rouchaud,"39,00 €"
La santé devant soi. Le secret millénaire qui va changer votre vie,Frédéric Saldmann,"9,00 €"
"Juste après la fin du monde. Tome 2, L'âme du monde",Frédéric Lenoir,"7,70 €"
Le pavillon des combattantes,Emma Donoghue,"8,60 €"
Shangri-La Frontier Tome 7,Katarina,"6,99 €"
The Legend of Zelda - Twilight Princess Tome 11,Akira Himekawa,"7,99 €"
Terres brisées Edition collector,Victoria Aveyard,"24,90 €"
Le livre de la nuit,Holly Black,"19,90 €"
Mille battements de coeur,Kiera Cass,"19,00 €"
Serpent & Dove,Shelby Mahurin,"9,40 €"
Le jour où le monde est devenu fou,Zed,"11,00 €"
Boruto - Naruto Next Generations Tome 16,Masashi Kishimoto,"6,95 €"
Les ambitions inavouées. Ce que préparent les grandes puissances,Thomas Gomart,"22,50 €"
Amours et autres obsessions,Liane Moriarty,"22,90 €"
Le péché originel de Takopi Tome 2,Taizan5,"7,20 €"
Les aveuglés. Le palais des murmures,Loïc Nottet,"16,95 €"
Maybe not,Colleen Hoover,"6,90 €"
Love Stories. Coloriez les chiffres et découvrez l'image !,Disney,"14,95 €"
Le chant d'Achille,Madeline Miller,"9,00 €"
Nos coeurs meurtris,Tess Wakefield,"19,95 €"
La bibliothèque de minuit,Matt Haig,"9,20 €"
Royale,Danielle Steel,"20,90 €"
Le nageur de Bizerte,Didier Decoin,"22,50 €"
La rencontre. Une philosophie,Charles Pépin,"8,00 €"
Pays de sang. Une histoire de la violence par arme à feu aux Etats-Unis,Paul Auster,"26,00 €"
Plan comptable général Edition 2023-2024,Gualino,"2,80 €"
Bodyguards Tome 4Jaxon,Laura S. Wild,"17,00 €"
Naruto Edition Hokage Tome 7,Masashi Kishimoto,"15,50 €"
Les démons de Berlin,Fabiano Massimi,"22,90 €"
Soul Eater Tome 1Perfect Edition -  -  Edition collector,Atsushi Ohkubo,"11,95 €"
La fille qu'on appelle,Tanguy Viel,"8,00 €"
Le secret. Le bruit du silence,Morgane Ortin,"7,50 €"
PPDA. Le prince noir,Romain Verley,"20,00 €"
Histoire d'un ogre,Erik Orsenna,"18,50 €"
Scotland Tome 2,Leo,"12,50 €"
Elliot au collège Tome 1Panique en sixième,Théo Grosjean,"9,90 €"
"Harry Potter Coffret collector 25 ans de magie. Inclus les 7 tomes avec les couvertures originales, 7 cartes postales des illustrations de couverture et 1 reproduction de l'illustration du coffret -  -  Edition numérotée",J.K. Rowling,"99,90 €"
Komi cherche ses mots Tome 5,Tomohito Oda,"7,20 €"
Mon amie la petite sirène,Briony May smith,"14,00 €"
True Beauty Tome 6,Yaongyi,"14,95 €"
Horimiya Tome 8,HERO,"7,20 €"
Soleil amer,Lilia Hassaine,"7,50 €"
Valhallian the Black Iron Tome 1,Toshimitsu Matsubara,"7,95 €"
Ao Ashi Playmaker Tome 14,Yûgo Kobayashi,"7,20 €"
Les chroniques de Bond Street Tome 3Colonel Sandhurst à la rescoussse. La dernière saison,M-C Beaton,"19,90 €"
Valkyrie apocalypse Tome 15,Takumi Fukui,"7,95 €"
Terres d'Arran : Elfes Tome 35Le Havre des ombres,Christophe Arleston,"14,95 €"
Mea Culpa,Gaspard Proust,"18,90 €"
Sang trouble,Robert Galbraith,"13,90 €"
France. 1/1 000 000 Edition 2023,Michelin,"5,50 €"
Notre part de nuit,Mariana Enriquez,"10,40 €"
Une simple histoire de famille,Andréa Bescond,"19,90 €"
Les Monsieur Madame font des crêpes,Adam Hargreaves,"2,90 €"
Ender Geister Tome 1,Takashi Yomoyama,"7,90 €"
Urgences or not urgences. Manuel de survie en milieu pédiatrique2e édition,To be or not Toubib,"8,95 €"
Le Mystère Soline Tome 1Au-delà du temps,Marie-Bernadette Dupuy,"9,90 €"
Sexy cosplay doll Tome 9,Shinichi Fukuda,"7,55 €"
Komi cherche ses mots Tomes 1 et 2Pack en 2 volumes,Tomohito Oda,"7,20 €"
La comète,Joe Todd-Stanton,"14,00 €"
Naruto Edition Hokage Tome 8,Masashi Kishimoto,"15,50 €"
Magus of the library Tome 6,Mitsu Izumi,"7,95 €"
Première personne du singulier,Haruki Murakami,"8,00 €"
L'énigme de la Stuga,Camilla Grebe,"22,90 €"
Vigilante My Hero Academia Illegals Tome 14L'habitant des abysses,Hideyuki Furuhashi,"6,95 €"
Edens Zero Tome 23Alternative,Hiro Mashima,"7,20 €"
60 minutes,M. J. Arlidge,"9,60 €"
Kaguya-sama: Love is War Tome 13,Aka Akasaka,"7,20 €"
Ender Geister Tome 2,Takashi Yomoyama,"7,90 €"
I was born for this,Alice Oseman,"19,00 €"
Avant que le monde ne se ferme,Alain Mascaro,"7,60 €"
The Eminence in Shadow Tome 7,Anri Sakano,"7,50 €"
Offenses,Constance Debré,"17,50 €"
La nature de la bête,Louise Penny,"10,50 €"
Les enquêtes d'Hannah Swensen Tome 7Meurtres et cheesecake aux cerises,Joanne Fluke,"15,90 €"
Histoire des préjugés,Xavier Mauduit,"24,00 €"
P'tit Loup P'tit loup fait des bêtises,Orianne Lallemand,"5,95 €"
Darwin's Game Tome 25,Flipflops,"7,95 €"
Sasaki et Miyano Tome 5,Shou Harusono,"7,55 €"
Deep 3 Tome 3,Mitsuhiro Mizuno,"7,95 €"
Artbook Junji Ito,Junji Ito,"29,95 €"
"Elisabeth, princesse à Versailles Tome 24Piège dans les glacières",Annie Jay,"7,90 €"
La petite-fille,Bernhard Schlink,"23,00 €"
Bowls. Bons et sains,Marabout,"4,95 €"
Là où les arbres rencontrent les étoiles,Glendy Vanderah,"9,00 €"
J'apprends à lire avec Sami et Julie Les super-héros. Début de CP Niveau 1,Thérèse Bonté,"3,40 €"
Ce que nous confions au vent,Messina laura Imai,"8,30 €"
L'ombre,Franck Ollivier,"22,90 €"
Blame ! Tome 0 -  -  Edition de luxe,Tsutomu Nihei,"14,95 €"
Darling in the Franxx Tome 6,Kentaro Yabuki,"7,99 €"
Fire Force Tome 27,Atsushi Ohkubo,"6,95 €"
Le Mystère Soline Tome 2Le vallon des loups,Marie-Bernadette Dupuy,"9,90 €"
Ramens & nouilles d'Asie,Marabout,"4,95 €"
Chaque jour compte,Julie Bourges,"19,90 €"
Lore,Alexandra Bracken,"9,90 €"
My name is,Lythan Cottaz,"17,00 €"
Le carnet des rancunes,Jacques Expert,"8,90 €"
Borgo Sud,Donatella Di Pietrantonio,"20,90 €"
Didier Deschamps dans l'histoire,Philippe Grand,"19,00 €"
Je suis un assassin (et je surpasse le héros) Tome 4,Hiroyuki Aigamo,"7,50 €"
Les Profs Tome 11Tableau d'horreur,Pica,"4,99 €"
Les fêlures,Barbara Abel,"9,20 €"
Irréfutable essai de successologie,Lydie Salvayre,"17,50 €"
Poussière dans le vent,Leonardo Padura,"10,90 €"
"S'informer, à quoi bon ?",Bruno Patino,"3,50 €"
Les petits mythos Tome 7Les raclées d'Héraclès,Christophe Cazenove,"4,99 €"
L'embuscade,Emilie Guillaumin,"7,50 €"
Cuisine asiatique,Marabout,"4,95 €"
Tous immortels,Paul Pavlowitch,"23,50 €"
Le talent est une fiction. Déconstruire les mythes de la réussite et du mérite,Samah Karaki,"20,00 €"
Matrix,Lauren Groff,"23,50 €"
Nostradamus et le dragon de Raphaël,Jean d' Aillon,"9,60 €"
Crie-le !,Roberto Saviano,"24,00 €"
Criminelles Fiançailles Tome 5,Asuka Konishi,"7,95 €"
"Petites dents, grands crocs",Emilie Guillaumin,"18,00 €"
Les amis de Spirou... Tome 1Un ami de Spirou est franc et droit...,Jean-David Morvan,"15,50 €"
Harry Potter Tome 6Harry Potter et le prince de sang-mêlé (Gryffondor) -  -  Edition collector,J.K. Rowling,"28,50 €"
Horimiya Tomes 1 et 2Pack en 2 volumes,HERO,"7,20 €"
Cheat skill level up Tome 1,Miku,"7,99 €"
Hokuto no Ken - Fist of the North Star Tome 4,Buronson,"14,99 €"
Une brève histoire de l'égalité,Thomas Piketty,"6,90 €"
Les Schtroumpfs Tome 32Les Schtroumpfs et l'amour sorcier,Alain Jost,"4,99 €"
Age of Vice,Deepti Kapoor,"24,00 €"
Les Schtroumpfs Tome 30Les Schtroumpfs de l'ordre,Alain Jost,"4,99 €"
Mes cop's Tome 5Les cop's partent en live,Christophe Cazenove,"4,99 €"
Silence radio,Alice Oseman,"17,95 €"
Le pouvoir extraordinaire des combinaisons alimentaires,Kahina Oussedik,"19,90 €"
Pleine et douce,Camille Froidevaux-Metterie,"20,00 €"
T'choupi et les émotions,Thierry Courtin,"6,30 €"
My happy mariage Tome 1,Akumi Agitogi,"7,95 €"
Sirius. Twin stars,Ana Cristina Sanchez,"7,90 €"
A prendre ou à laisser,Lionel Shriver,"22,00 €"
King Kasaï,Christophe Boltanski,"18,50 €"
Tress de la mer Emeraude,Brandon Sanderson,"24,90 €"
L'Université des chèvres,Christian Lax,"23,00 €"
Arbre de l'oubli,Nancy Huston,"9,40 €"
"La Guerre des Lulus Tome 11914, la Maison des enfants trouvés",Régis Hautière,"5,00 €"
Soupes réconfortantes,Marabout,"4,95 €"
"Quatre heures, vingt-deux minutes et dix-huit secondes",Lionel Shriver,"9,20 €"
"Moi et François Mitterrand. Suivi de Moi et Jacques Chirac, Moi et Sarkozy, Moi et François Hollande",Hervé Le Tellier,"6,90 €"
Franz Kafka ne veut pas mourir,Laurent Seksik,"21,50 €"
Reine rouge,Juan Gómez-Jurado,"9,50 €"
Yuyu Hakusho Tome 7,Togashi Yoshihiro,"8,85 €"
Plan comptable Edition 2023-2024,Daniel Sopel,"2,90 €"
Les petits meurtres du mardi,Sylvie Baron,"14,90 €"
Les enquêtes de l'inspecteur Higgins Tome 47L'assassin augmenté,Christian Jacq,"14,50 €"
Soloist in a Cage Tome 1,Shiro Moriya,"9,95 €"
Un jardin de mensonges,Susan Fletcher,"8,90 €"
Harry Potter Tome 6Harry Potter et le prince de sang-mêlé (Serpentard) -  -  Edition collector,J.K. Rowling,"28,50 €"
A Couple of Cuckoos Tomes 1 et 2Pack en 2 volumes,Miki Yoshikawa,"7,20 €"
Guérir nos âmes blessées. La révolution des thérapies,David Gourion,"19,90 €"
Chut ne réveille pas le taureau qui dort...,Lili la Baleine,"-50%
                                
                                                                5,00 €"
Europe. 1/3 000 000 Edition 2023,Michelin,"7,95 €"
Duke Tome 7Ce monde n'est pas le mien,Hermann,"15,45 €"
Ma petite organisation,Sixtine Thomas-Richard,"19,00 €"
Quatre soeurs Tome 12Quatre soeurs et un mariage fantastique !,Sophie Rigal-Goulard,"13,50 €"
La nef des fous. Des nouvelles du Bas-Empire Tome 3,Michel Onfray,"20,00 €"
La vie de Jésus,Andrea Tornielli,"21,90 €"
The Dark Saint Tome 1,Mugi Sawai,"7,95 €"
White Blood Tome 4,Lim Lina,"14,95 €"
Ceux d'à côté,M. T. Edvardsson,"9,00 €"
Maths 3e Edition 2023,Bernard Demeillers,"5,99 €"
Le mystère de la femme sans tête,Myriam Leroy,"19,50 €"
Les Mangeurs de nuit,Marie Charrel,"21,00 €"
Petit budget,Marabout,"4,95 €"
Anaïs Nin. Sur la mer des mensonges,Léonie Bischoff,"12,00 €"
Gigantis Tome 1,Yoichi Komori,"7,99 €"
Ripper Tome 2,Jéronimo Céjudo,"7,95 €"
La gameuse et son chat Tome 8,Wataru Nadatari,"7,50 €"
By the grace of the gods Tome 1,Ranran,"7,20 €"
Lorsque le dernier arbre,Michael Christie,"9,90 €"
Je t'aime,Romain Sardou,"20,90 €"
Histoire-Géographie EMC Edition 2023,Florence Holstein,"5,99 €"
"France. 1/1 000 000, indéchirable Edition 2023",Michelin,"7,50 €"
Cuisine japonaise,Marabout,"4,95 €"
Wind Breaker Tome 1,Satoru Nii,"7,20 €"
"Une aventure ""Classic"" de Tanguy et Laverdure Tome 5Le mystère du sabre jaune",Patrice Buendia,"15,50 €"
City Hunter Tome 4Perfect Edition,Tsukasa Hojo,"16,99 €"
Les derniers géants,Ash Davidson,"24,50 €"
Seule la mort attend la Vilaine Tome 1,Suol,"14,95 €"
Cuisine italienne,Marabout,"4,95 €"
Du bon sens dans notre assiette. Ce que nous avons oublié de nos ancêtres chasseurs-cueilleurs,Anthony Berthou,"22,50 €"
Plastok Tome 1L'empoisonnement,Maud Michel,"15,95 €"
Thomas Pesquet. Une odyssée française,Denis Grandjou,"8,50 €"
Nom,Constance Debré,"7,00 €"
"Ces guerres qui nous attendent, 2030-2060 Tome 2",Red Team,"22,00 €"
La plus résistante de toutes,Nicole Bacharan,"21,50 €"
Les dangers de fumer au lit,Mariana Enriquez,"21,00 €"
Le code de la route pour les nuls Edition 2023-2024,Permisecole.com,"14,95 €"
Les chats ne rient pas,Kosuke Mukai,"8,00 €"
Arden High La nuit des Rois et des Reines,Molly Horten Booth,"17,00 €"
By the grace of the gods Tome 2,Ranran,"7,20 €"
A travers ma fenêtre Tome 3A travers la pluie,Ariana Godoy,"19,00 €"
Friday Tome 1,Ed Brubaker,"19,00 €"
Rome Edition 2023-2024,Assia Rabinowitz,"9,50 €"
J'apprends à lire avec Sami et Julie Sami écrit à Julie. Début de CP Niveau 1,Thérèse Bonté,"3,40 €"
La lettre d'amour interdite,Lucinda Riley,"10,90 €"
J'apprends à lire avec Sami et Julie Le vélo de Sami. Début de CP Niveau 1,Thérèse Bonté,"3,40 €"
"The Stolen Heir. A Novel of Elfhame, from the author of The Folk of the Air series",Holly Black,"10,50 €"
"Récits du Vieux Royaume Le Chevalier aux épines. Tome 1, Le tournoi des preux",Jean-Philippe Jaworski,"28,00 €"
Quiches & tartes. 100 recettes testées pour vous !,Sabrina Fauda-Rôle,"4,95 €"
20th Century Boys Perfect Edition Spin off. Recueil d'histoires d'Ujiko Ujio,Naoki Urasawa,"10,99 €"
La femme et l’oiseau,Isabelle Sorente,"9,20 €"
"Endocrinologie, diabétologie, nutrition. Entraînement",Hugo Francon,"24,00 €"
Recherche gentleman fortuné. Guide à l'usage des jeunes filles,Sophie Irwin,"18,00 €"
Voyage au bout de l'enfance,Rachid Benzine,"6,50 €"
Une révolution intérieure. Renforcer l'estime de soi,Gloria Steinem,"21,90 €"
Souviens-toi que tu vas mourir,Dobbs,"14,95 €"
Mes 68 commandements pour vivre de l'immobilier. Il n'y a pas que les riches qui peuvent investir !,Allison Jungling,"19,80 €"
Avec la permission de Gandhi,Abir Mukherjee,"9,20 €"
Dermatologie. Entraînement,Erwin Benassaïa,"24,00 €"
Sortir au jour,Amandine Dhée,"16,00 €"
Le mystère des templiers,Ernest Dempsey,"9,20 €"
Wind Breaker Tome 2,Satoru Nii,"7,20 €"
Les grandes batailles de chars Les Ardennes. Lâchez les fauves,Dobbs,"15,50 €"
La Venin Tome 5Soleil de plomb,Laurent Astier,"15,00 €"
Le loup qui devenait chef de la forêt,Orianne Lallemand,"5,95 €"
True story,Kate Reed Petty,"11,60 €"
GIEC urgence climat. Le rapport incontestable expliqué à tous,Sylvestre Huet,"19,90 €"
Pasta Party,Jean-François Mallet,"6,95 €"
Le grand livre des Pokémon,Hachette Jeunesse,"6,95 €"
La trilogie Daevabad Tome 2Le royaume de cuivre,S-A Chakraborty,"9,90 €"
Français 3e Edition 2023,Sylvie Dauvin,"5,99 €"
Sounds of Life Tome 1,Amu,"6,99 €"
La famille Han,Min Jin Lee,"23,90 €"
Trio des Ardents,Patrick Grainville,"21,50 €"
Benoît XVI. Les images d'une vie,Maria Giuseppina Buoanno,"15,90 €"
Jiken. Horreur et faits divers au Japon,Louis-San,"19,95 €"
I'm Not Your Soulmate Tome 1The Perfect Match,Lyla Mars,"17,90 €"
Europa Tome 2Vertiges,Rodolphe,"12,00 €"
The Compass Series Tome 1Tempêtes du Sud,Brittainy C. Cherry,"7,90 €"
Cold cases. Un magistrat enquête,Jacques Dallest,"22,00 €"
Jours sans faim,Delphine de Vigan,"6,90 €"
Bienvenue chez les Loud La fête de l'amour,Nickelodeon,"11,95 €"
2041 : l'odyssée de la médecine. Comment l'intelligence artificielle bouleverse la médecine,Jean-Emmanuel Bibault,"19,00 €"
Pourquoi la guerre ?,Frédéric Gros,"18,00 €"
Terres brisées,Victoria Aveyard,"19,90 €"
New York Edition 2023-2024,Solène Bouton,"9,95 €"
La grande ourse,Maylis Adhémar,"20,90 €"
Oiseaux de passage,Fernando Aramburu,"26,00 €"
Mon cahier Stop au sucre Edition collector,Marie-Laure André,"7,90 €"
Tout-en-un 3e,Carole Feugère,"15,95 €"
Undead Unluck Tome 9,Yoshifumi Tozuka,"6,95 €"
Qui a trahi Anne Frank ?,Rosemary Sullivan,"8,50 €"
"La Guerre des Lulus Tome 11914, la maison des enfants trouvés",Eva Grynszpan,"7,50 €"
A Couple of Cuckoos Tome 7,Miki Yoshikawa,"7,20 €"
Au long des jours,Nathalie Rheims,"17,00 €"
Rebelle,Danielle Steel,"8,30 €"
Lyon. 1/13 300 Edition 2023,Blay-Foldex,"6,40 €"
Sauvagines,Gabrielle Filteau-Chiba,"9,20 €"
La chambre sans murs,Morgane Ortin,"15,00 €"
Nos vies en flammes,David Joy,"8,90 €"
E. V. E.,James Rollins,"9,70 €"
Jim Bridger,Pierre Place,"14,95 €"
Tizombi Tome 1Toujours affamé,Christophe Cazenove,"4,99 €"
Le pain perdu,Edith Bruck,"7,50 €"
Moriarty Tome 15,Ryosuke Takeuchi,"6,95 €"
Les malvenus,Audrey Brière,"19,90 €"
Kingdom Come,Mark Waid,"5,90 €"
Les Footmaniacs Tome 10,Henri Jenfèvre,"4,99 €"
La traversée des lumières,Eric de Kermel,"20,00 €"
La Trilogie Nikopol,Enki Bilal,"12,00 €"
De guerre en guerre. De 1940 à l'Ukraine,Edgar Morin,"14,00 €"
Petit traité du racisme en Amérique,Dany Laferrière,"20,90 €"
One Piece Magazine N° 11La puissance des mots,Eiichirô Oda,"19,90 €"
Plan comptable général Edition 2023-2024,Charlotte Disle,"2,50 €"
Les Royaumes Immobiles Tome 2Le Règne des Chimères,Ariel Holzl,"17,95 €"
Le livre du thé Tome 1Une magie teintée de poison,Judy I. Lin,"19,95 €"
Honte,Florence Porcel,"19,90 €"
Italie. 1/1 000 000 Edition 2023,Michelin,"7,95 €"
Kiki de Montparnasse,José-Louis Bocquet,"12,00 €"
La détresse des roses,Jack Jakoli,"19,95 €"
Je dessine les Pokémon. 15 Pokémon emblématiques,Hachette Jeunesse,"5,50 €"
Grande couronne,Salomé Kiner,"8,40 €"
Louis XIV L'intégrale,Jean-David Morvan,"14,95 €"
Monsters of Verity Tome 2Our Dark Duet,Victoria Schwab,"17,00 €"
Deep 3 Tome 4,Mitsuhiro Mizuno,"7,95 €"
V pour Vendetta,Alan Moore,"9,90 €"
Croire en son étoile Le concours,Natacha Godeau,"8,50 €"
Panique en Armorique. Une enquête d'Ingrid Diesel et de Lola Jost,Dominique Sylvain,"15,90 €"
La Dernière Odyssée,James Rollins,"23,90 €"
Sounds of Life Tome 2,Amu,"6,99 €"
T'choupi s'habille comme un grand,Thierry Courtin,"13,95 €"
Les Nétanyahou,Joshua Cohen,"8,70 €"
Les grandes batailles de chars El Alamein. De sable et de feu,Thierry Lamy,"15,50 €"
Belle morte Tome 1,Bella Higgin,"19,00 €"
Ce n'était que la peste,Ludmila Oulitskaïa,"7,50 €"
Les 5 grands besoins des enfants nouveaux. Des outils pour vivre en harmonie avec les enfants de tout âge,Lise Bourbeau,"19,00 €"
Love Mix-Up Tome 3,Wataru Hinekure,"6,99 €"
Les enfants perchés de la Révolution Tome 1L'affaire réveillon,Jean-Sébastien Bordas,"11,95 €"
Vive les légumes à volonté !,Clémence Roquefort,"5,95 €"
Spécial Légumes,Jessica Oldfield,"4,95 €"
De silence et de loup,Patrice Gain,"8,40 €"
Trompe l'oeil Héros vs Méchants. Coloriez les chiffres et découvrez l'image !,Disney,"14,95 €"
Veggie & gourmand,Marabout,"4,95 €"
Mon cahier super organisée Edition collector,Anne-Sophie Levesque-Brianceau,"7,90 €"
1795,Niklas Natt och Dag,"24,00 €"
Les Loups,Benoît Vitkine,"8,90 €"
Nous sommes tous des féministes. Suivi de Le danger de l'histoire unique,Chimamanda Ngozi Adichie,"3,00 €"
L'épreuve orale 3e Edition 2023,Cécile Gaillard,"6,50 €"
Londres Edition 2023-2024,Anne-Sophie Glavet,"9,50 €"
"Ma mère, Dieu et Sylvie Vartan",Roland Pérez,"8,00 €"
Mon premier Daft Punk,Mélanie Grandgirard,"11,90 €"
Seule,Nesrine Slaoui,"17,00 €"
Mauvais monstre Tome 1,Enzo Berkati,"15,50 €"
Gâteaux de Mamie,Marabout,"4,95 €"
Pelé,Stéphane Cohen,"19,90 €"
L'échappée belle,Ingrid Chauvin,"19,95 €"
Six Versions Tome 1Les orphelins du Mont Scarclaw,Matt Wesolowski,"14,90 €"
Le serpent des blés,T. M. Rives,"7,95 €"
Les algorithmes font-ils la loi ?,Aurélie Jean,"7,90 €"
Le péril Dieu,Tristane Banon,"20,00 €"
Beyond the clouds Tome 5,Nicke,"7,95 €"
Palisades Park Tome 1Yellow flag,Maloria Cassis,"17,00 €"
Call of the night Tome 4,Kotoyama,"7,20 €"
Ginette Kolinka. Récit d'une rescapée d'Auschwitz - Birkenau,Aurore d' Hondt,"25,00 €"
Ikusa no Ko - La légende d'Oda Nobunaga Tome 1Avec 1 marque-page,Tetsuo Hara,"8,95 €"
J'ai tout dans ma tête,Rachel Arditi,"19,00 €"
Equinox Tome 1Cheval de Lune,Aurélie Wellenstein,"12,90 €"
Monsieur Apothéoz,Julien Frey,"19,00 €"
Les Rugbymen Tome 13Ruck and Maul pour un maillot,BeKa,"4,99 €"
La petite pharmacie littéraire,Elena Molini,"19,95 €"
La compagnie rouge,Simon Treins,"19,99 €"
Assemblage,Natasha Brown,"17,00 €"
Honey Blood Tome 2,Narae Lee,"14,95 €"
Sans compter,Philippe Djian,"21,00 €"
Ma mamie,Roger Hargreaves,"2,90 €"
Les fantômes de la nuit. Des chauves-souris et des hommes,Laurent Tillon,"22,00 €"
L'étoile brisée,Nadeije Laneyrie-Dagen,"9,70 €"
Paw Patrol La Pat' Patrouille Attention : chalet glissant !,Aurélie Desfour,"5,50 €"
Mille ans pour aimer,Mayumi Inaba,"20,00 €"
Pizza Party,Jean-François Mallet,"6,95 €"
"L'espérance, ou la traversée de l'impossible",Corine Pelluchon,"18,00 €"
Les 4 enquêtrices de la supérette Gwangseon,Gunwoo Jeon,"8,70 €"
Justice League Tome 1,Geoff Johns,"7,90 €"
Four Knights of the Apocalypse Tomes 1 et 2Pack en 2 volumes,Nakaba Suzuki,"7,20 €"
Il suffit de traverser la rue. Petite saga des années 2010,Eric Faye,"19,50 €"
Carte Rhône-Alpes. 1/200 000 Edition 2023,Michelin,"6,95 €"
Plats au four super faciles,Isabelle Jeuge-Maynart,"5,95 €"
Bivouac,Gabrielle Filteau-Chiba,"22,00 €"
Corto Maltese en noir et blanc Tome 1La ballade de la mer salée -  -  Edition spéciale en noir & blanc,Hugo Pratt,"12,00 €"
Neoforest Tome 1Cocto Citadelle,Fred Duval,"16,50 €"
Joker,Brian Azzarello,"5,90 €"
Cherche et trouve des tout-petits La jungle et la savane,Lizzy Doyle,"10,95 €"
Un vrai dépaysement,Clément Bénech,"19,50 €"
Pains. Faits maison,Marabout,"4,95 €"
Maxi coloriages cherche-et-trouve. Plus de 30 scènes à colorier et 150 stickers en cadeau,Fabien Molina,"7,95 €"
Des lendemains qui chantent,Alexia Stresi,"21,00 €"
Jeu à 2 Tu préfères.... 52 questions sexy pour pimenter votre soirée,Larousse,"6,95 €"
"Harry Potter - Quidditch, le match",Wizarding World,"9,90 €"
Harry Potter Tome 6Harry Potter et le prince de sang-mêlé (Serdaigle) -  -  Edition collector,J.K. Rowling,"28,50 €"
Human Psycho. Comment l'humanité est devenue l'espèce la pus dangereuse de la planète,Sébastien Bohler,"8,60 €"
Comment te dire au revoir,Stéphane Tapie,"19,95 €"
Français mais pas Gaulois. Des étrangers qui ont fait la France,Daniel Cohn-Bendit,"21,00 €"
Batman. Curse of the White Knight,Sean Murphy,"7,90 €"
Georges & Tchang. Une histoire d'amour au vingtième siècle,Laurent Colonnier,"17,00 €"
Un simple enquêteur,Mishani Dror,"21,00 €"
Famille presque zéro déchet. Ze guide,Jérémie Pichon,"8,90 €"
Maigrir. Pourquoi je n'y arrive pas ?,Jean-Michel Cohen,"19,95 €"
Demon in the Wood. Le secret du Darkling,Leigh Bardugo,"18,00 €"
Stealing infinity Tome 1Leur passé nous appartient,Alyson Noël,"19,95 €"
La douceur,Etienne de Montety,"20,50 €"
La poésie des marchés,Anne-Laure Delaye,"19,90 €"
The Ice Guy & The Cool Girl Tome 4,Miyuki Tonogaya,"9,95 €"
Comment se faire des amis,Dale Carnegie,"8,90 €"
The Good Life. Ce que nous apprend la plus longue étude scientifique sur le bonheur et la santé,Robert Waldinger,"22,50 €"
Morgane Pendragon,Jean-Laurent Del Socorro,"22,90 €"
Terukan Boys,Yû Nakahara,"7,50 €"
Mon cahier minceur healthy Edition collector,Marie-Laure André,"7,90 €"
Là où règnent les baleines,Jolan C. Bertrand,"16,00 €"
As de pique Edition collector,Faridah Abiké-Iyimidé,"22,90 €"
Une archive,Mathieu Lindon,"19,00 €"
"Le décodeur des rêves. De A à Z, les 101 rêves les plus fréquents et leur interprétation2e édition",Gilles d' Ambra,"3,50 €"
Wondergame,Jennifer Bell,"15,90 €"
J'attends un enfant Edition 2023,Laurence Pernoud,"29,90 €"
Saint Seiya - Dark Wing Tome 1,Masami Kurumada,"7,95 €"
Le Jeu de la mort Tome 10,Sora,"6,99 €"
Les brouillards noirs,Patrice Gain,"19,90 €"
"Célestine, sur les pas d'Anna Pavlova Tome 5Comme deux soeurs",Gwenaële Barussaud,"7,90 €"
Mungo,Douglas Stuart,"24,00 €"
Gazoline,Emmanuel Flesch,"22,50 €"
(Ré)apprendre à respirer,Stéphanie Brillant,"10,80 €"
Ma première ardoise Majuscules,Play Bac,"7,99 €"
Sous les étoiles de Bloomstone Manor,Mary Orchard,"16,90 €"
L'Emprise,Marc Endeweld,"9,90 €"
Maëlys,Jennifer de Araujo,"8,60 €"
Mordue de toi Tome 4,Nao Hinachi,"6,95 €"
Je peux très bien me passer de toi,Marie Vareille,"9,90 €"
"Bouddha Bowls. Super bowls, bowl cakes & Cie",Larousse,"5,95 €"
Titan Tome 1Confusion,Jennifer-L Armentrout,"19,90 €"
Gisèle Halimi. Une jeunesse tunisienne,Danièle Masse,"17,95 €"
Le fracas et le silence,Cory Anderson,"9,00 €"
Harry Potter Tome 6Harry Potter et le prince de sang-mêlé (Poufsouffle) -  -  Edition collector,J.K. Rowling,"28,50 €"
Paris Edition 2023-2024,Stéphanie Condis,"9,50 €"
Petits & gros gâteaux,Jean-François Mallet,"6,95 €"
Spider-Man Panique au zoo,Isabelle Albertin,"3,50 €"
"La Guerre des Lulus Tome 21915, Hans",Eva Grynszpan,"7,50 €"
Une vie de poupée. Mélancolie grise,Erik Axl Sund,"10,50 €"
Boston Belles The Hunter,L. J. Shen,"18,90 €"
Crêpes. Pancakes & cie,Marabout,"4,95 €"
Mon cahier yoga-méditation Edition collector,Agathe Thine,"7,90 €"
Portugal Edition 2023-2024 -  avec 1 Plan détachable,Le Routard,"16,95 €"
Furia Perfax Tome 1Maudite,Sébastien de Castell,"19,90 €"
Le grand guide du sommeil de mon bébé,Caroline Ferriol,"19,90 €"
Witch Watch Tome 3,Kenta Shinohara,"6,99 €"
L'incroyable expédition de Corentin Tréguier au Congo,Emmanuel Suarez,"22,00 €"
Les Histoires de Toto,Laurent Gaulet,"3,50 €"
